form	lemma	POS	morph
༄༅། །		PUNCT
འཆི་མེད་	འཆི་མེད་	NOUN
རིག་འཛིན་	རིག་འཛིན་	OTHER
ཆེན་པོ་	ཆེན་པོ་	ADJ
སྐུ་	སྐུ་	NOUN
མི་	མི་	PART
མངོན་	མངོན་	VERB
ཆོ་	ཆོ་	NOUN
ཀྱི་	གི་	PART
དབྱིངས་	དབྱིངས་	NOUN
སུ་	ལ་	PART
གཤེགས་	གཤེགས་	VERB
ཁ་	ཁ་	PRON
ར་	ལ་	PART
གནང་བ་	གནང་བ་	NO_POS
འི་	གི་	PART
ཞལ་གདམས་	ཞལ་གདམས་	NOUN
བཞུགས་	བཞུགས་	VERB
སོ་	གོ་	PART
། །		PUNCT
མཛད་པ་པོ་	མཛད་པ་པོ་	VERB
།		PUNCT
མཁས་གྲུབ་	མཁས་གྲུབ་	NOUN
ཆེན་པོ་	ཆེན་པོ་	ADJ
རྩེ་	རྩེ་	NOUN
ལེ་	ལེ་	NO_POS
སྣ་ཚོགས་	སྣ་ཚོགས་	DET
རང་གྲོལ་	རང་གྲོལ་	NOUN
"།
༄༅། །"		PUNCT
འཆི་མེད་	འཆི་མེད་	NOUN
རིག་འཛིན་	རིག་འཛིན་	OTHER
ཆེན་པོ་	ཆེན་པོ་	ADJ
སྐུ་	སྐུ་	NOUN
མི་	མི་	PART
མངོན་	མངོན་	VERB
ཆོ་	ཆོ་	NOUN
ཀྱི་	གི་	PART
དབྱིངས་	དབྱིངས་	NOUN
སུ་	ལ་	PART
གཤེགས་	གཤེགས་	VERB
ཁ་	ཁ་	PRON
ར་	ལ་	PART
གནང་བ་	གནང་བ་	NO_POS
འི་	གི་	PART
ཞལ་གདམས་	ཞལ་གདམས་	NOUN
བཞུགས་	བཞུགས་	VERB
སོ་	གོ་	PART
། །		PUNCT
དཔག་	དཔག་	VERB
ཏུ་	ལ་	PART
མེད་པ་	མེད་པ་	VERB
ཐུགས་རྗེ་	ཐུགས་རྗེ་	NOUN
མངའ་བ་	མངའ་བ་	VERB
འི་	གི་	PART
མཚན་ལྡན་	མཚན་ལྡན་	ADJ
བླ་མ་	བླ་མ་	NOUN
དམ་པ་	དམ་པ་	VERB
ཡིད་བཞིན་	ཡིད་བཞིན་	OTHER
ནོར་བུ་	ནོར་བུ་	NOUN
ལྟ་བུ་	ལྟ་བུ་	NOUN
ལ་དུ་	ལ་དུ་	NOUN
ས་	གིས་	PART
དང་	དང་	NO_POS
རྣམ་པ་	རྣམ་པ་	NOUN
ཐམས་ཅད་	ཐམས་ཅད་	DET
དུ་	ལ་	PART
ཕྱག་	ཕྱག་	NOUN
འཚལ་	འཚལ་	VERB
ཞིང་	ཅིང་	PART
སྐྱབས་	སྐྱབས་	NOUN
སུ་	ལ་	PART
མཆིའོ་		NON_WORD
། །		PUNCT
བྱིན་	བྱིན་	VERB
གྱིས་	གིས་	PART
བརླབ་པ་	བརླབ་པ་	VERB
ར་	ལ་	PART
མཛད་	མཛད་	VERB
དུ་	ལ་	PART
གསོལ་	གསོལ་	VERB
།		PUNCT
དེ་ཡང་	དེ་ཡང་	ADV
བསྟན་པ་	བསྟན་པ་	VERB
རིན་པོ་ཆེ་	རིན་པོ་ཆེ་	ADJ
འི་	གི་	PART
སྒོ་		
ཞུགས་	ཞུགས་	VERB
ན་	ནས་	PART
བླ་མེད་	བླ་མེད་	ADJ
ཀྱི་	གི་	PART
བྱང་ཆུབ་	བྱང་ཆུབ་	NOUN
ཐོབ་པ་	ཐོབ་པ་	VERB
ར་	ལ་	PART
བྱ་བ་	བྱ་བ་	VERB
ལ་	ལ་	PART
།		PUNCT
ཚེ་	ཚེ་	NOUN
འདི་	འདི་	DET
བློ་	བློ་	NOUN
ས་	གིས་	PART
བཏང་	བཏང་	VERB
དགོས་	དགོས་	VERB
།		PUNCT
ཕ་མ་	ཕ་མ་	NOUN
ཉེ་འབྲེལ་	ཉེ་འབྲེལ་	NO_POS
མཆེད་གྲོགས་	མཆེད་གྲོགས་	NOUN
སོགས་	སོགས་	DET
ཀྱི་	གི་	PART
གནས་སྐབས་	གནས་སྐབས་	NOUN
ཚེ་	ཚེ་	NOUN
འདི་	འདི་	DET
འི་	གི་	PART
བྱ་	བྱ་	VERB
བྱེད་	བྱེད་	VERB
ཀྱི་	གི་	PART
འདུན་མ་	འདུན་མ་	NOUN
ས་	གིས་	PART
བློ་	བློ་	NOUN
ཁྲིད་	ཁྲིད་	VERB
ན་	ནས་	PART
འཕྲལ་ཕུགས་	འཕྲལ་ཕུགས་	NO_POS
ཀྱི་	གི་	PART
རྩི་	རྩི་	NOUN
གྲངས་	གྲངས་	NOUN
མང་པོ་	མང་པོ་	ADJ
དང་	དང་	NO_POS
ཤ་	ཤ་	NOUN
ཚ་	ཚ་	VERB
ཡིན་	ཡིན་	NO_POS
ཡིན་	ཡིན་	NO_POS
འདྲ་བ་	འདྲ་བ་	VERB
འི་	གི་	PART
གཏམ་	གཏམ་	NOUN
མང་པོ་	མང་པོ་	ADJ
ས་	གིས་	PART
མགོ་	མགོ་	NOUN
བསྐོར་	བསྐོར་	VERB
ཏེ་	སྟེ་	PART
ཆོ་	ཆོ་	NOUN
ཀྱི་	གི་	PART
བར་ཆད་	བར་ཆད་	NOUN
སྣ་ཚོགས་	སྣ་ཚོགས་	DET
བྱེད་པ་	བྱེད་པ་	VERB
འབྱུང་བ་	འབྱུང་བ་	VERB
ས་	གིས་	PART
།		PUNCT
དེ་དག་	དེ་དག་	OTHER
གི་	གི་	PART
ངག་	ངག་	NOUN
ལ་	ལ་	PART
མི་	མི་	PART
ཉན་པ་	ཉན་པ་	VERB
གལ་ཆེ་	གལ་ཆེ་	OTHER
།		PUNCT
ཆོ་	ཆོ་	NOUN
ཤ་སྟག་	ཤ་སྟག་	DET
གི་	གི་	PART
འདུན་མ་	འདུན་མ་	NOUN
སློབ་	སློབ་	VERB
མཁན་	མཁན་	PROPN
ནི་	ནི་	NO_POS
མཚན་ལྡན་	མཚན་ལྡན་	ADJ
གྱི་	གི་	PART
བླ་མ་	བླ་མ་	NOUN
མ་གཏོགས་པ་	མ་གཏོགས་པ་	NO_POS
མི་	མི་	PART
ཡོང་	ཡོང་	NO_POS
།		PUNCT
ཆོ་	ཆོ་	NOUN
ཡང་དག་	ཡང་དག་	ADJ
ཞིག་	ཅིག་	PART
བྱེད་	བྱེད་	VERB
ན་	ལ་	PART
མྱུར་	མྱུར་	VERB
དུ་	ལ་	PART
འཆི་	འཆི་	VERB
གྲབས་	གྲབས་	NOUN
བྱེད་པ་	བྱེད་པ་	VERB
ཞིག་	ཅིག་	PART
མ་གཏོགས་	མ་གཏོགས་	NO_POS
འཕྲལ་ཕུགས་	འཕྲལ་ཕུགས་	NO_POS
ཀྱི་	གི་	PART
རྩི་	རྩི་	NOUN
རྟོག་	རྟོག་	VERB
མང་པོ་	མང་པོ་	ADJ
བྱེད་	བྱེད་	VERB
མཁན་	མཁན་	PROPN
ལ་	ལ་	PART
ཆོ་	ཆོ་	NOUN
ཡོང་བ་	ཡོང་བ་	VERB
འི་	གི་	PART
ཐབས་མེད་	ཐབས་མེད་	NO_POS
།		PUNCT
དེང་སང་	དེང་སང་	ADV
གི་	གི་	PART
མི་	མི་	PART
རྣམས་	རྣམས་	DET
དང་	དང་	NO_POS
མཐུན་པ་	མཐུན་པ་	VERB
ར་	ལ་	PART
བྱེད་	བྱེད་	VERB
མཁན་	མཁན་	PROPN
དེ་འཕྲལ་	དེ་འཕྲལ་	NO_POS
དུ་	ལ་	PART
ཡིན་	ཡིན་	NO_POS
མདོག་	མདོག་	NOUN
ཁ་	ཁ་	PRON
ཡང་	ཀྱང་	PART
།		PUNCT
ཕུགས་	ཕུགས་	VERB
ན་	ནས་	PART
བདུད་ཞུགས་	བདུད་ཞུགས་	NO_POS
ཚར་བ་	ཚར་བ་	VERB
འི་	གི་	PART
རྟགས་	རྟགས་	NOUN
ཡིན་	ཡིན་	NO_POS
།		PUNCT
བློ་	བློ་	NOUN
ཆོ་	ཆོ་	NOUN
དང་	དང་	NO_POS
བླ་མ་	བླ་མ་	NOUN
ལ་	ལ་	PART
བཀལ་	བཀལ་	NO_POS
།		PUNCT
སྡོད་ས་	སྡོད་ས་	OTHER
རི་ཁྲོད་	རི་ཁྲོད་	NOUN
ལུང་སྟོང་	ལུང་སྟོང་	NOUN
འགྲིམ་	འགྲིམ་	NO_POS
།		PUNCT
ཟས་གོས་	ཟས་གོས་	NO_POS
སོགས་	སོགས་	DET
འཕྲལ་	འཕྲལ་	ADV
དུ་	ལ་	PART
སྐྱིད་	སྐྱིད་	NO_POS
ཆོ་	ཆོ་	NOUN
ཐམས་ཅད་	ཐམས་ཅད་	DET
ལ་	ལ་	PART
ཞེན་པ་	ཞེན་པ་	VERB
སྤང་	སྤང་	VERB
།		PUNCT
ཉེ་འབྲེལ་	ཉེ་འབྲེལ་	NO_POS
གྱི་	གི་	PART
འཁྲི་བ་	འཁྲི་བ་	VERB
བཅད་	བཅད་	VERB
།		PUNCT
ངོ་སྲུང་	ངོ་སྲུང་	NOUN
དང་	དང་	NO_POS
མི་ཆོས་	མི་ཆོས་	OTHER
ཐམས་ཅད་	ཐམས་ཅད་	DET
རྒྱབ་	རྒྱབ་	NOUN
ཏུ་	ལ་	PART
སྐྱུ་	སྐྱུ་	VERB
།		PUNCT
བླ་མ་	བླ་མ་	NOUN
ས་	གིས་	PART
ཅི་	ཅི་	NO_POS
གསུང་	གསུང་	VERB
ལ་	ལ་	PART
བློ་རྩེ་	བློ་རྩེ་	NO_POS
དྲིལ་བ་	དྲིལ་བ་	VERB
དེ་	སྟེ་	PART
ལ་	ལ་	PART
ཆོ་	ཆོ་	NOUN
ཤ་	ཤ་	NOUN
དག་	དག་	DET
ཡོང་བ་	ཡོང་བ་	VERB
ཡིན་	ཡིན་	NO_POS
།		PUNCT
སྤྱི་		
དེང་སང་	དེང་སང་	ADV
གི་	གི་	PART
མི་	མི་	PART
རྣམས་	རྣམས་	DET
བདུད་	བདུད་	NOUN
དབང་	དབང་	NOUN
དུ་	ལ་	PART
གྱུར་	གྱུར་	VERB
།		PUNCT
སྒོ་	སྒོ་	ADV
སུ་	ལ་	PART
སྐྱེ་བ་དམན་པ་	སྐྱེ་བ་དམན་པ་	NO_POS
འི་	གི་	PART
བུད་མེད་	བུད་མེད་	NOUN
རྣམས་	རྣམས་	DET
ནི་	ནི་	NO_POS
སྙིང་རུས་	སྙིང་རུས་	NOUN
ཆུང་	ཆུང་	VERB
ཞིང་	ཅིང་	PART
བསྒྱུར་	བསྒྱུར་	VERB
སླ་བ་	སླ་བ་	VERB
ས་	གིས་	PART
བླ་མ་	བླ་མ་	NOUN
འི་	གི་	PART
གདམས་པ་	གདམས་པ་	VERB
ལ་	ལ་	PART
མི་	མི་	PART
ཉན་པ་	ཉན་པ་	VERB
ར་	ལ་	PART
ཉེ་འབྲེལ་	ཉེ་འབྲེལ་	NO_POS
གྱིས་	གིས་	PART
བློ་	བློ་	NOUN
ཁྲིད་	ཁྲིད་	VERB
ལ་	ལ་	PART
ཉན་	ཉན་	VERB
ན་	ནས་	PART
།		PUNCT
དགོས་ངེས་	དགོས་ངེས་	NO_POS
ཤེས་པ་	ཤེས་པ་	VERB
འི་	གི་	PART
ལྷ་ཆོས་	ལྷ་ཆོས་	NOUN
དང་	དང་	NO_POS
སྒོམ་	སྒོམ་	VERB
སྒྲུབ་	སྒྲུབ་	VERB
དེ་	སྟེ་	PART
ཕྱི་བཤོལ་	ཕྱི་བཤོལ་	NOUN
དུ་	ལ་	PART
བྱེད་	བྱེད་	VERB
ཅིང་	ཅིང་	PART
།		PUNCT
དགོས་པ་	དགོས་པ་	VERB
མེད་པ་	མེད་པ་	VERB
འི་	གི་	PART
འཇིག་རྟེན་	འཇིག་རྟེན་	NOUN
གྱི་	གི་	PART
བྱ་	བྱ་	VERB
བྱེད་	བྱེད་	VERB
།		PUNCT
གཉེན་འདུན་	གཉེན་འདུན་	NO_POS
གྱི་	གི་	PART
ངོ་སྲུང་	ངོ་སྲུང་	NOUN
སོགས་	སོགས་	DET
བློ་སྣ་	བློ་སྣ་	NOUN
མང་པོ་	མང་པོ་	ADJ
འི་	གི་	PART
དབང་	དབང་	NOUN
དུ་	ལ་	PART
སོང་བ་	སོང་བ་	VERB
ཁོ་ན་	ཁོ་ན་	DET
མང་བ་	མང་བ་	VERB
ས་	གིས་	PART
དེས་ན་	དེས་ན་	NO_POS
རང་	རང་	PRON
གི་	གི་	PART
སྣ་ཐག་	སྣ་ཐག་	NO_POS
རང་	རང་	PRON
གིས་	གིས་	PART
བཟུང་	བཟུང་	NO_POS
ན་	ནས་	PART
གཞན་	གཞན་	DET
གྱི་	གི་	PART
ཁ་	ཁ་	PRON
ལ་	ལ་	PART
མི་	མི་	PART
ཉན་	ཉན་	VERB
།		PUNCT
ནམ་	གམ་	PART
འཆི་	འཆི་	VERB
ཆ་མེད་	ཆ་མེད་	ADJ
སྙིང་	སྙིང་	NOUN
ལ་	ལ་	PART
བསམ་	བསམ་	NOUN
ལ་	ལ་	PART
།		PUNCT
ལོང་	ལོང་	VERB
མེད་	མེད་	VERB
ཀྱི་	གི་	PART
བརྩོན་འགྲུས་	བརྩོན་འགྲུས་	NOUN
དྲག་པོ་	དྲག་པོ་	ADJ
ས་	གིས་	PART
ཆོ་	ཆོ་	NOUN
ལ་	ལ་	PART
འབུངས་	འབུངས་	VERB
།		PUNCT
ཕ་མ་	ཕ་མ་	NOUN
འི་	གི་	PART
དྲིན་ལན་	དྲིན་ལན་	NOUN
ཆོ་	ཆོ་	NOUN
ཀྱིས་	གིས་	PART
མ་	མ་	PART
འཇལ་	འཇལ་	VERB
ན་	ལ་	PART
འཇིག་རྟེན་	འཇིག་རྟེན་	NOUN
གྱིས་	གིས་	PART
འཇལ་བ་	འཇལ་བ་	VERB
ས་	གིས་	PART
ཕན་པ་	ཕན་པ་	VERB
མེད་	མེད་	VERB
།		PUNCT
བླ་མ་	བླ་མ་	NOUN
འི་	གི་	PART
སྐུ་དྲིན་	སྐུ་དྲིན་	NOUN
དང་	དང་	NO_POS
ཞབས་ཏོག་	ཞབས་ཏོག་	NOUN
སྒོམ་	སྒོམ་	VERB
སྒྲུབ་	སྒྲུབ་	VERB
ཀྱིས་	གིས་	PART
མ་	མ་	PART
འཇལ་	འཇལ་	VERB
ན་	ལ་	PART
།		PUNCT
གཞན་	གཞན་	DET
གྱིས་	གིས་	PART
སྐུ་དྲིན་	སྐུ་དྲིན་	NOUN
མི་	མི་	PART
འཁོར་	འཁོར་	NOUN
།		PUNCT
སེམས་ཅན་	སེམས་ཅན་	NOUN
ལ་	ལ་	PART
ཕན་པ་	ཕན་པ་	VERB
ཡང་	ཀྱང་	PART
སེམས་བསྐྱེད་	སེམས་བསྐྱེད་	NOUN
སྨོན་ལམ་	སྨོན་ལམ་	NOUN
གྱིས་	གིས་	PART
མ་གཏོགས་	མ་གཏོགས་	NO_POS
དངོ་	དངོ་	NOUN
སུ་	ལ་	PART
ཕན་	ཕན་	NOUN
རྒྱ་	རྒྱ་	NOUN
ཆུང་	ཆུང་	VERB
།		PUNCT
སྡོམ་པ་	སྡོམ་པ་	NOUN
དམ་ཚིག་	དམ་ཚིག་	NOUN
རང་སེམས་	རང་སེམས་	NOUN
དཔང་	དཔང་	NO_POS
དུ་	ལ་	PART
བཙུགས་པ་	བཙུགས་པ་	VERB
ཞིག་	ཅིག་	PART
མ་	མ་	PART
བྱུང་	བྱུང་	VERB
ན་	ལ་	PART
།		PUNCT
ལྟ་	ལྟ་	OTHER
སྣང་	སྣང་	VERB
གི་	གི་	PART
བཙུན་	བཙུན་	VERB
ཚུགས་	ཚུགས་	VERB
དང་	དང་	NO_POS
ཁྲེལ་	ཁྲེལ་	NO_POS
ངོ་ཚ་	ངོ་ཚ་	NOUN
སོགས་	སོགས་	DET
ཀྱང་	ཀྱང་	PART
ངོ་ལྐོག་	ངོ་ལྐོག་	NOUN
ཅན་	ཅན་	PART
ཞིག་	ཅིག་	PART
མིན་པ་	མིན་པ་	VERB
མི་	མི་	PART
ཡོང་	ཡོང་	NO_POS
།		PUNCT
ལུང་སྟོང་	ལུང་སྟོང་	NOUN
རི་ཁྲོད་	རི་ཁྲོད་	NOUN
མ་	མ་	PART
འགྲིམ་	འགྲིམ་	NO_POS
ན་	ལ་	PART
མི་	མི་	PART
མང་	མང་	VERB
ཁྲོད་	ཁྲོད་	NOUN
ཀྱི་	གི་	PART
དགེ་སྦྱོར་	དགེ་སྦྱོར་	NOUN
དེ་	སྟེ་	PART
རྐྱེན་	རྐྱེན་	NOUN
དབང་	དབང་	NOUN
དུ་	ལ་	PART
ཤོར་བ་	ཤོར་བ་	VERB
ཤ་	ཤ་	DET
ཆེ་	ཆེ་	VERB
།		PUNCT
རང་སེམས་	རང་སེམས་	NOUN
ཀྱི་	གི་	PART
ཁ་ལོ་	ཁ་ལོ་	NO_POS
རང་	རང་	PRON
གིས་	གིས་	PART
བསྒྱུར་	བསྒྱུར་	VERB
མ་	མ་	PART
ཐུབ་	ཐུབ་	VERB
ན་	ལ་	PART
།		PUNCT
ཁས་ལེན་	ཁས་ལེན་	NOUN
དམ་བཅའ་	དམ་བཅའ་	NOUN
མང་	མང་	VERB
ཡང་	ཀྱང་	PART
ཕན་པ་	ཕན་པ་	VERB
དཀའ་	དཀའ་	VERB
།		PUNCT
རང་རིག་	རང་རིག་	NO_POS
གཅིག་	གཅིག་	NUM
ཤེ་	ཤེ་	VERB
ཀུན་	ཀུན་	DET
གྲོལ་	གྲོལ་	VERB
གྱི་	གི་	PART
གནད་དོན་	གནད་དོན་	OTHER
མ་	མ་	PART
རྟོགས་	རྟོགས་	VERB
ན་	ལ་	PART
།		PUNCT
ཤེ་	ཤེ་	VERB
ཤེ་	ཤེ་	VERB
དགོས་	དགོས་	VERB
དགོས་	དགོས་	VERB
ལ་ཐག་	ལ་ཐག་	NO_POS
ཆོད་	ཆོད་	VERB
རྒྱུ་	རྒྱུ་	NOUN
མི་	མི་	PART
ཡོང་	ཡོང་	NO_POS
།		PUNCT
འགག་	འགག་	VERB
དོན་	དོན་	NOUN
ཧྲིལ་	ཧྲིལ་	NO_POS
གྱིས་	གིས་	PART
དྲིལ་	དྲིལ་	VERB
ན་	ལ་	PART
མྱུར་	མྱུར་	VERB
དུ་	ལ་	PART
འཆི་བ་	འཆི་བ་	VERB
ར་	ལ་	PART
ཐག་	ཐག་	VERB
ཆོད་	ཆོད་	VERB
བསམ་པ་	བསམ་པ་	VERB
ས་	གིས་	PART
བློ་སྣ་	བློ་སྣ་	NOUN
ཆོ་	ཆོ་	NOUN
ལ་	ལ་	PART
བསྟུང་	བསྟུང་	NO_POS
།		PUNCT
བླ་མ་	བླ་མ་	NOUN
མ་གཏོགས་	མ་གཏོགས་	NO_POS
རེ་	རེ་	DET
ས་	ས་	ADP
མེད་པ་	མེད་པ་	VERB
ས་	གིས་	PART
སྙིང་	སྙིང་	NOUN
ན་	ནས་	PART
གསོལ་བ་	གསོལ་བ་	VERB
གདབ་	གདབ་	NO_POS
།		PUNCT
སྐྱིད་སྡུག་	སྐྱིད་སྡུག་	NOUN
གང་	གང་	NO_POS
བྱུང་	བྱུང་	VERB
སྔོན་	སྔོན་	ADV
གྱི་	གི་	PART
བསྐོར་	བསྐོར་	VERB
ཚད་	ཚད་	NOUN
ཡིན་པ་	ཡིན་པ་	AUX
ས་	གིས་	PART
བློ་སྣ་	བློ་སྣ་	NOUN
མ་	མ་	PART
མང་	མང་	VERB
།		PUNCT
བཟང་ངན་	བཟང་ངན་	ADJ
འབྲིང་	འབྲིང་	NOUN
གསུམ་	གསུམ་	NUM
གོང་	གོང་	NOUN
དུ་	ལ་	PART
ཁུ་	ཁུ་	NOUN
ལ་	ལ་	PART
དམན་	དམན་	VERB
ས་	ས་	ADP
ཁོ་ན་	ཁོ་ན་	DET
བཟུང་	བཟུང་	NO_POS
།		PUNCT
དག་སྣང་	དག་སྣང་	NOUN
ཕྱོགས་མེད་	ཕྱོགས་མེད་	ADJ
སྦྱང་	སྦྱང་	VERB
ཞིང་	ཅིང་	PART
གཞན་	གཞན་	DET
ལ་	ལ་	PART
སྐུར་་	སྐུར་པ་	NOUN
མི་	མི་	PART
གདབ་	གདབ་	NO_POS
།		PUNCT
རང་	རང་	PRON
སྐྱོན་	སྐྱོན་	NOUN
རང་	རང་	PRON
གིས་	གིས་	PART
རྟོགས་པ་	རྟོགས་པ་	VERB
ར་	ལ་	PART
བྱ་	བྱ་	VERB
ཞིང་	ཅིང་	PART
གཞན་སྐྱོན་	གཞན་སྐྱོན་	NO_POS
མི་	མི་	PART
བསམ་	བསམ་	NOUN
།		PUNCT
ཆོ་	ཆོ་	NOUN
ཀུན་	ཀུན་	DET
གནད་འགག་	གནད་འགག་	OTHER
རང་སེམས་	རང་སེམས་	NOUN
ལ་	ལ་	PART
ཡོད་པ་	ཡོད་པ་	VERB
ས་	གིས་	PART
སེམས་ཉིད་	སེམས་ཉིད་	NOUN
ལ་	ལ་	PART
ལྟ་	ལྟ་	NOUN
རྟོགས་	རྟོགས་	VERB
རྒྱུན་	རྒྱུན་	NOUN
དུ་	ལ་	PART
བྱ་	བྱ་	VERB
།		PUNCT
དམིགས་	དམིགས་	VERB
གཏད་	གཏད་	VERB
འཇུར་	འཇུར་	NO_POS
བསྒོམ་	བསྒོམ་	VERB
གྱི་	གི་	PART
འཛིན་པ་	འཛིན་པ་	VERB
སྤངས་	སྤངས་	VERB
ཏེ་	སྟེ་	PART
།		PUNCT
རིག་པ་	རིག་པ་	VERB
གུ་	གུ་	OTHER
ཡངས་	ཡངས་	VERB
སུ་	ལ་	PART
གློད་	གློད་	NO_POS
།		PUNCT
གང་	གང་	NO_POS
ཤ་	ཤ་	VERB
རིག་པ་	རིག་པ་	VERB
འི་	གི་	PART
རོལ་	རོལ་	VERB
རྩལ་	རྩལ་	NOUN
དུ་	ལ་	PART
ཐག་	ཐག་	VERB
བཅད་	བཅད་	VERB
ལ་	ལ་	PART
བཟང་ངན་	བཟང་ངན་	ADJ
གྱི་	གི་	PART
བཅོ་	བཅོ་	NUM
ས་	གིས་	PART
སླད་	སླད་	NOUN
མི་	མི་	PART
བྱ་	བྱ་	VERB
།		PUNCT
ཅིར་	ཅིར་	NO_POS
སྣང་	སྣང་	VERB
ནི་	ནི་	NO_POS
རང་སེམས་	རང་སེམས་	NOUN
སྐྱེ་འགག་	སྐྱེ་འགག་	NOUN
མེད་པ་	མེད་པ་	VERB
དེ་	སྟེ་	PART
ནི་	ནི་	NO_POS
སྐུ་གསུམ་	སྐུ་གསུམ་	OTHER
བླ་མ་	བླ་མ་	NOUN
འི་	གི་	PART
ངོ་བོ་	ངོ་བོ་	NOUN
།		PUNCT
བླ་མ་	བླ་མ་	NOUN
ནི་	ནི་	NO_POS
རང་	རང་	PRON
གི་	གི་	PART
རིག་པ་	རིག་པ་	VERB
འདི་ག་	འདི་ག་	NO_POS
དང་	དང་	NO_POS
དབྱེ་	དབྱེ་	VERB
ར་	ལ་	PART
མེད་	མེད་	VERB
།		PUNCT
དེ་	དེ་	DET
འི་	གི་	PART
གསལ་	གསལ་	VERB
གདངས་	གདངས་	NOUN
ནི་	ནི་	NO_POS
སྣང་སྲིད་	སྣང་སྲིད་	NOUN
ཀུན་	ཀུན་	DET
ལ་	ལ་	PART
ཁྱབ་	ཁྱབ་	VERB
།		PUNCT
སྣང་སྲིད་	སྣང་སྲིད་	NOUN
ཐམས་ཅད་	ཐམས་ཅད་	DET
ནི་	ནི་	NO_POS
རིག་པ་	རིག་པ་	VERB
འི་	གི་	PART
ཀློང་	ཀློང་	NOUN
གཅིག་པུ་	གཅིག་པུ་	ADJ
འི་	གི་	PART
རྣམ་འཕྲུལ་	རྣམ་འཕྲུལ་	NOUN
ཡིན་	ཡིན་	NO_POS
ཚེ་	ཚེ་	NOUN
སེམས་	སེམས་	NOUN
རང་བབ་	རང་བབ་	NO_POS
རྗེན་	རྗེན་	NO_POS
ཅེ་	ཅེ་	NO_POS
རེ་	རེ་	DET
།		PUNCT
རིག་པ་	རིག་པ་	VERB
ནི་	ནི་	NO_POS
ལྟ་བ་	ལྟ་བ་	VERB
འི་	གི་	PART
མཐར་ཐུག་	མཐར་ཐུག་	NOUN
།		PUNCT
དེ་	དེ་	DET
འི་	གི་	PART
ངང་	ངང་	NOUN
དུ་	ལ་	PART
འགྱུ་	འགྱུ་	NO_POS
རྟོག་	རྟོག་	VERB
མེད་པ་	མེད་པ་	VERB
ར་	ལ་	PART
གནས་པ་	གནས་པ་	VERB
ནི་	ནི་	NO_POS
སྒོམ་པ་	སྒོམ་པ་	VERB
འི་	གི་	PART
མཉམ་བཞག་	མཉམ་བཞག་	NOUN
།		PUNCT
འཕྲོ་བ་	འཕྲོ་བ་	VERB
ནི་	ནི་	NO_POS
རྗེས་ཤེས་	རྗེས་ཤེས་	NO_POS
།		PUNCT
འཕྲོ་བ་	འཕྲོ་བ་	VERB
ངོས་ཟིན་པ་	ངོས་ཟིན་པ་	NO_POS
ནི་	ནི་	NO_POS
རྗེས་ཐོབ་	རྗེས་ཐོབ་	NOUN
།		PUNCT
འགྲོ་འདུག་	འགྲོ་འདུག་	NO_POS
དང་	དང་	NO_POS
བྱ་	བྱ་	VERB
བྱེད་	བྱེད་	VERB
ཐམས་ཅད་	ཐམས་ཅད་	DET
རིག་	རིག་	VERB
ཐོག་	ཐོག་	NOUN
ཏུ་	ལ་	PART
བསྲེ་བ་	བསྲེ་བ་	VERB
ནི་	ནི་	NO_POS
སྤྱོད་པ་	སྤྱོད་པ་	VERB
།		PUNCT
གནས་འགྱུ་	གནས་འགྱུ་	NO_POS
འི་	གི་	PART
བར་མཚམས་	བར་མཚམས་	NOUN
མེད་པ་	མེད་པ་	VERB
ར་	ལ་	PART
རྒྱུན་	རྒྱུན་	NOUN
དུ་	ལ་	PART
ཡེངས་	ཡེངས་	NO_POS
འཁྲུལ་	འཁྲུལ་	NO_POS
སྐད་ཅིག་	སྐད་ཅིག་	OTHER
ཀྱང་	ཀྱང་	PART
མེད་པ་	མེད་པ་	VERB
ར་	ལ་	PART
གྱུར་པ་	གྱུར་པ་	VERB
ནི་	ནི་	NO_POS
མཉམ་རྗེས་	མཉམ་རྗེས་	NOUN
དབྱེ་	དབྱེ་	VERB
ར་	ལ་	PART
མེད་	མེད་	VERB
།		PUNCT
དེ་ཉིད་	དེ་ཉིད་	NOUN
མཐ་	མཐའ་	NOUN
ར་	ལ་	PART
ཕྱིན་པ་	ཕྱིན་པ་	VERB
ས་	གིས་	PART
སྣང་	སྣང་	VERB
སེམས་	སེམས་	NOUN
དབྱེ་	དབྱེ་	VERB
ར་	ལ་	PART
མེད་	མེད་	VERB
།		PUNCT
བདག་གཞན་	བདག་གཞན་	NOUN
དབྱེ་	དབྱེ་	VERB
ར་	ལ་	PART
མེད་	མེད་	VERB
།		PUNCT
བདེ་སྡུག་	བདེ་སྡུག་	OTHER
དགྲ་གཉེན་	དགྲ་གཉེན་	NOUN
ཆགས་སྡང་	ཆགས་སྡང་	NOUN
སོགས་	སོགས་	DET
མདོར་ན་	མདོར་ན་	NO_POS
གཉིས་	གཉིས་	NUM
འཛིན་	འཛིན་	VERB
གྱི་	གི་	PART
རྟོག་པ་	རྟོག་པ་	VERB
མཐའ་དག་	མཐའ་དག་	DET
གཏན་	གཏན་	NOUN
ཟད་	ཟད་	VERB
དུ་	ལ་	PART
སོང་བ་	སོང་བ་	VERB
ནི་	ནི་	NO_POS
འབྲས་བུ་	འབྲས་བུ་	NOUN
སྟེ་	སྟེ་	PART
།		PUNCT
དེ་ལྟ་	དེ་ལྟ་	NO_POS
གྱུར་	གྱུར་	VERB
ཚེ་	ཚེ་	NOUN
འཁོར་འདས་	འཁོར་འདས་	NOUN
དབྱིངས་	དབྱིངས་	NOUN
སུ་	ལ་	PART
དག་	དག་	DET
ན་	ནས་	PART
སྐུ་གསུམ་	སྐུ་གསུམ་	OTHER
ལྷུན་གྲུབ་	ལྷུན་གྲུབ་	OTHER
མངོན་དུ་	མངོན་དུ་	NO_POS
བྱས་པ་	བྱས་པ་	VERB
དེ་	སྟེ་	PART
ལ་	ལ་	PART
།		PUNCT
སངས་རྒྱས་	སངས་རྒྱས་	NOUN
ཐོབ་པ་	ཐོབ་པ་	VERB
འི་	གི་	PART
ཆོ་	ཆོ་	NOUN
ཟད་	ཟད་	VERB
བློ་	བློ་	NOUN
ཟད་	ཟད་	VERB
གྲུབ་པ་	གྲུབ་པ་	VERB
ཐོབ་པ་	ཐོབ་པ་	VERB
ཞེ་	ཅེས་	PART
ཟེ་	ཟེ་	VERB
ཏེ་	སྟེ་	PART
།		PUNCT
སྐྱེ་འཆི་	སྐྱེ་འཆི་	NOUN
དང་	དང་	NO_POS
འབྱུང་བ་	འབྱུང་བ་	VERB
ལ་	ལ་	PART
རང་དབང་	རང་དབང་	NOUN
ཐོབ་	ཐོབ་	VERB
ཅིང་	ཅིང་	PART
ཐུགས་རྗེ་	ཐུགས་རྗེ་	NOUN
དང་	དང་	NO_POS
ཕྲིན་ལས་	ཕྲིན་ལས་	NOUN
རྩོལ་	རྩོལ་	NO_POS
མེད་	མེད་	VERB
དུ་	ལ་	PART
ནམ་མཁའ་	ནམ་མཁའ་	NOUN
དང་	དང་	NO_POS
མཉམ་པ་	མཉམ་པ་	VERB
ཤུགས་	ཤུགས་	NOUN
ཀྱིས་	གིས་	PART
འབྱུང་བ་	འབྱུང་བ་	VERB
སྟེ་	སྟེ་	PART
།		PUNCT
མདོར་ན་	མདོར་ན་	NO_POS
དེ་	སྟེ་	PART
ཐམས་ཅད་	ཐམས་ཅད་	DET
ཀྱི་	གི་	PART
རྒྱུ་	རྒྱུ་	NOUN
འི་	གི་	PART
ངོ་བོ་	ངོ་བོ་	NOUN
ནི་	ནི་	NO_POS
ད་ལྟ་	ད་ལྟ་	OTHER
འི་	གི་	PART
རང་རིག་	རང་རིག་	NO_POS
འདི་ཁོ་ན་	འདི་ཁོ་ན་	NO_POS
ཡིན་པ་	ཡིན་པ་	AUX
ས་	གིས་	PART
།		PUNCT
འདི་ཉིད་	འདི་ཉིད་	OTHER
དང་	དང་	NO_POS
མི་	མི་	PART
འབྲལ་བ་	འབྲལ་བ་	VERB
ཞིག་	ཅིག་	PART
ཉིན་མཚན་	ཉིན་མཚན་	ADV
ཀུན་	ཀུན་	DET
ཏུ་	ལ་	PART
སྐྱོང་བ་	སྐྱོང་བ་	VERB
ནི་	ནི་	NO_POS
གནད་	གནད་	NOUN
དམ་པ་	དམ་པ་	VERB
ཡིན་	ཡིན་	NO_POS
།		PUNCT
དེ་	དེ་	DET
འི་	གི་	PART
རྩལ་	རྩལ་	NOUN
ལ་	ལ་	ADP
ས་	གིས་	PART
རྣམ་པ་	རྣམ་པ་	NOUN
ར་	ལ་	PART
རྟོག་པ་	རྟོག་པ་	VERB
ཕྲ་རགས་	ཕྲ་རགས་	NOUN
ཅི་	ཅི་	NO_POS
ཤ་	ཤ་	VERB
ཐམས་ཅད་	ཐམས་ཅད་	DET
ལ་	ལ་	PART
བརྟག་དཔྱད་	བརྟག་དཔྱད་	OTHER
ཡང་	ཀྱང་	PART
མི་	མི་	PART
བྱ་	བྱ་	VERB
།		PUNCT
རྗེས་སུ་	རྗེས་སུ་	OTHER
ཡང་	ཀྱང་	PART
མི་	མི་	PART
འབྲང་	འབྲང་	VERB
།		PUNCT
སྒོམ་	སྒོམ་	VERB
ཐོག་	ཐོག་	NOUN
ཏུ་	ལ་	PART
ཚུ་		
བསྡུ་བ་	བསྡུ་བ་	VERB
འམ་	གམ་	PART
།		PUNCT
བཀུག་པ་	བཀུག་པ་	VERB
ལྟ་བུ་	ལྟ་བུ་	NOUN
ཡང་	ཀྱང་	PART
མི་	མི་	PART
བྱ་བ་	བྱ་བ་	VERB
ར་	ལ་	PART
རྣམ་རྟོག་	རྣམ་རྟོག་	NOUN
ལམ་	གམ་	PART
གྱིས་	གིས་	PART
ཤར་བ་	ཤར་བ་	VERB
དེ་	སྟེ་	PART
ཀ་	ཀ་	DET
ངོ་	གོ་	PART
ཤེ་	ཤེ་	VERB
ཙམ་	ཙམ་	DET
བྱུང་	བྱུང་	VERB
ན་	ལ་	PART
དེ་	སྟེ་	PART
ཁ་	ཁ་	PRON
ར་	ལ་	PART
སྐྱུ་	སྐྱུ་	VERB
།		PUNCT
སྔ་	སྔ་	NOUN
འདའ་	འདའ་	VERB
རྗེས་	རྗེས་	NOUN
འབྲང་	འབྲང་	VERB
དང་	དང་	NO_POS
མ་འོངས་པ་	མ་འོངས་པ་	OTHER
མདུན་	མདུན་	NOUN
བསུ་	བསུ་	NO_POS
ལྟ་བུ་	ལྟ་བུ་	NOUN
འི་	གི་	PART
བསམ་པ་	བསམ་པ་	VERB
ནམ་	གམ་	PART
ཤ་	ཤ་	VERB
ཡང་	ཀྱང་	PART
རིག་	རིག་	VERB
ཐོག་	ཐོག་	NOUN
ཏུ་	ལ་	PART
གཅེ་	གཅེ་	NO_POS
ར་	ལ་	PART
གྱིས་	གིས་	PART
བཞག་	བཞག་	VERB
།		PUNCT
རྟོག་པ་	རྟོག་པ་	VERB
འཕྲོ་	འཕྲོ་	NOUN
མཐུད་	མཐུད་	NO_POS
ན་	ལ་	PART
གང་	གང་	NO_POS
ཤ་	ཤ་	VERB
རང་གྲོལ་	རང་གྲོལ་	NOUN
ཡིན་པ་	ཡིན་པ་	AUX
ས་	གིས་	PART
གཉེན་པོ་	གཉེན་པོ་	NOUN
གཞན་	གཞན་	DET
མི་	མི་	PART
དགོས་	དགོས་	VERB
།		PUNCT
ཐོལ་	ཐོལ་	ADV
གྱི་	གི་	PART
ཤར་བ་	ཤར་བ་	VERB
རང་སེམས་	རང་སེམས་	NOUN
ཀྱི་	གི་	PART
གདངས་	གདངས་	NOUN
ཡིན་	ཡིན་	NO_POS
།		PUNCT
ཧྲིག་	ཧྲིག་	NO_POS
གེ་	གེ་	NO_POS
རིག་པ་	རིག་པ་	VERB
གདམས་ངག་	གདམས་ངག་	NOUN
གི་	གི་	PART
གནད་	གནད་	NOUN
ཡིན་	ཡིན་	NO_POS
།		PUNCT
ཕྱམ་	ཕྱམ་	NO_POS
གྱི་	གི་	PART
འཕྲོ་བ་	འཕྲོ་བ་	VERB
ཁོ་རང་	ཁོ་རང་	NO_POS
གི་	གི་	PART
ངང་ཚུལ་	ངང་ཚུལ་	OTHER
ཡིན་པ་	ཡིན་པ་	AUX
ས་	གིས་	PART
དེ་ལྟ་བ་	དེ་ལྟ་བ་	NO_POS
འི་	གི་	PART
གུ་	གུ་	OTHER
ཡངས་	ཡངས་	VERB
ཁྱབ་གདལ་	ཁྱབ་གདལ་	OTHER
།		PUNCT
སྣང་སྲིད་	སྣང་སྲིད་	NOUN
ཆོས་སྐུ་	ཆོས་སྐུ་	NOUN
འཁོར་འདས་	འཁོར་འདས་	NOUN
གཉིས་	གཉིས་	NUM
མེད་	མེད་	VERB
།		PUNCT
ཤ་	ཤ་	VERB
གྲོལ་	གྲོལ་	VERB
དུས་མཉམ་	དུས་མཉམ་	ADV
།		PUNCT
སྒོམ་	སྒོམ་	VERB
མེད་	མེད་	VERB
ཡེངས་	ཡེངས་	NO_POS
མེད་	མེད་	VERB
།		PUNCT
གཅིག་	གཅིག་	NUM
ཤེ་	ཤེ་	VERB
ཀུན་	ཀུན་	DET
གྲོལ་	གྲོལ་	VERB
འདི་	འདི་	DET
ལྟ་བུ་	ལྟ་བུ་	NOUN
འི་	གི་	PART
ངང་	ངང་	NOUN
ན་	ནས་	PART
།		PUNCT
སྤྲོ་	སྤྲོ་	NO_POS
བྱ་	བྱ་	VERB
སྤྲོ་བྱེད་	སྤྲོ་བྱེད་	NO_POS
ཟུང་འཇུག་	ཟུང་འཇུག་	NOUN
གི་	གི་	PART
དགེ་སྦྱོར་	དགེ་སྦྱོར་	NOUN
ལ་	ལ་	PART
མི་ཚེ་	མི་ཚེ་	NOUN
དྲིལ་བ་	དྲིལ་བ་	VERB
ར་	ལ་	PART
བྱ་	བྱ་	VERB
ན་	ལ་	PART
།		PUNCT
ཚེ་	ཚེ་	NOUN
འདི་ཉིད་	འདི་ཉིད་	OTHER
ལ་	ལ་	PART
ཕྱི་	ཕྱི་	OTHER
མི་	མི་	PART
ལྡོག་པ་	ལྡོག་པ་	VERB
འི་	གི་	PART
བཙན་ས་	བཙན་ས་	VERB
ཟིན་པ་	ཟིན་པ་	VERB
ར་	ལ་	PART
གདོན་	གདོན་	NOUN
མི་	མི་	PART
ཟ་	ཟ་	VERB
འོ་	གོ་	PART
། །		PUNCT
བྱ་བ་	བྱ་བ་	VERB
སྙིང་	སྙིང་	NOUN
ན་	ནས་	PART
ཐོང་བ་	ཐོང་བ་	NO_POS
འི་	གི་	PART
གང་ཟག་	གང་ཟག་	NOUN
ལ་	ལ་	PART
། །		PUNCT
ག་	ག་	NOUN
འདུག་	འདུག་	VERB
སངས་རྒྱས་	སངས་རྒྱས་	NOUN
ཞིང་ཁམས་	ཞིང་ཁམས་	NOUN
དེ་	སྟེ་	PART
ཁ་	ཁ་	PRON
རང་	རང་	PRON
། །		PUNCT
ཁ་ཞེ་	ཁ་ཞེ་	NOUN
མེད་པ་	མེད་པ་	VERB
ར་	ལ་	PART
གསོལ་བ་	གསོལ་བ་	VERB
འདེབས་	འདེབས་	VERB
ནུས་	ནུས་	VERB
ན་	ལ་	PART
། །		PUNCT
སྣང་སྲིད་	སྣང་སྲིད་	NOUN
མ་	མ་	PART
ལུས་	ལུས་	NOUN
བླ་མ་	བླ་མ་	NOUN
འི་	གི་	PART
དཀྱིལ་འཁོར་	དཀྱིལ་འཁོར་	NOUN
ལགས་	ལགས་	AUX
། །		PUNCT
བདག་	བདག་	PRON
འཛིན་	འཛིན་	VERB
འགོང་པོ་	འགོང་པོ་	NOUN
རྩད་	རྩད་	NOUN
ན་	ནས་	PART
ཆོད་	ཆོད་	VERB
ཙ་ན་	ཙ་ན་	NO_POS
། །		PUNCT
བར་ཆད་	བར་ཆད་	NOUN
རྐྱེན་	རྐྱེན་	NOUN
དབང་	དབང་	NOUN
བདུད་	བདུད་	NOUN
དང་	དང་	NO_POS
གཏན་	གཏན་	NOUN
བྲལ་	བྲལ་	VERB
ཡོད་	ཡོད་	VERB
། །		PUNCT
བླ་མ་	བླ་མ་	NOUN
རང་སེམས་	རང་སེམས་	NOUN
དབྱེ་	དབྱེ་	VERB
ར་	ལ་	PART
མེད་	མེད་	VERB
གོ་བ་	གོ་བ་	VERB
འི་	གི་	PART
ཚེ་	ཚེ་	NOUN
། །		PUNCT
འདུ་	འདུ་	VERB
འབྲལ་	འབྲལ་	NO_POS
སྣང་བ་	སྣང་བ་	VERB
འི་	གི་	PART
རྫུན་	རྫུན་	NOUN
ཕུགས་	ཕུགས་	VERB
རང་ས་	རང་ས་	OTHER
ར་	ལ་	PART
རྡོལ་	རྡོལ་	NO_POS
། །		PUNCT
འཁོར་འདས་	འཁོར་འདས་	NOUN
རིག་པ་	རིག་པ་	VERB
འི་	གི་	PART
རོལ་པ་	རོལ་པ་	VERB
ར་	ལ་	PART
ཐག་	ཐག་	VERB
ཆོད་	ཆོད་	VERB
ན་	ལ་	PART
། །		PUNCT
ངན་སོང་	ངན་སོང་	NOUN
སྡུག་བསྔལ་	སྡུག་བསྔལ་	NOUN
གང་	གང་	NO_POS
དུ་	ལ་	PART
སུ་	ལ་	PART
ཡི་	གིས་	PART
མྱོང་	མྱོང་	VERB
། །		PUNCT
རང་རིག་	རང་རིག་	NO_POS
ཆོས་སྐུ་	ཆོས་སྐུ་	NOUN
ཡེ་གྲོལ་	ཡེ་གྲོལ་	NO_POS
རྟོགས་	རྟོགས་	VERB
ན་	ནས་	PART
ནི་	ནི་	NO_POS
། །		PUNCT
ས་ལམ་	ས་ལམ་	OTHER
དྲོད་	དྲོད་	NOUN
རྟགས་	རྟགས་	NOUN
རེ་དོགས་	རེ་དོགས་	NOUN
ཅི་	ཅི་	NO_POS
ལ་	ལ་	PART
བྱ་	བྱ་	VERB
། །		PUNCT
འོད་གསལ་	འོད་གསལ་	NOUN
སྔ་	སྔ་	NOUN
འདྲིས་	འདྲིས་	NO_POS
མ་བུ་	མ་བུ་	NOUN
འཕྲོད་པ་	འཕྲོད་པ་	VERB
ལ་	ལ་	PART
། །		PUNCT
སྒྱུ་ལུས་	སྒྱུ་ལུས་	NOUN
ཞིག་པ་	ཞིག་པ་	VERB
འི་	གི་	PART
འཚེར་	འཚེར་	VERB
བག་	བག་	NOUN
ཅི་	ཅི་	NO_POS
ལ་	ལ་	PART
བྱེད་	བྱེད་	VERB
། །		PUNCT
ཤི་	ཤི་	VERB
ཡང་	ཀྱང་	PART
ཀ་དག་	ཀ་དག་	OTHER
འོད་གསལ་	འོད་གསལ་	NOUN
དབྱིངས་	དབྱིངས་	NOUN
སུ་	ལ་	PART
ཤི་	ཤི་	VERB
། །		PUNCT
གསོན་	གསོན་	VERB
རིང་	རིང་	NOUN
སྒོམ་	སྒོམ་	VERB
སྒྲུབ་	སྒྲུབ་	VERB
ཐང་ལྷོད་	ཐང་ལྷོད་	NO_POS
མེད་པ་	མེད་པ་	VERB
གཅེ་	གཅེ་	VERB
། །		PUNCT
མདོ་	མདོ་	NOUN
རྒྱུད་	རྒྱུད་	NOUN
མན་ངག་	མན་ངག་	NOUN
ཐམས་ཅད་	ཐམས་ཅད་	DET
ཞལ་	ཞལ་	NOUN
ཕྱེ་	ཕྱེ་	VERB
ཡང་	ཀྱང་	PART
། །		PUNCT
དགོངས་པ་	དགོངས་པ་	VERB
འི་	གི་	PART
སྙིང་པོ་	སྙིང་པོ་	NOUN
འདི་	འདི་	DET
ལ་	ལ་	ADP
ས་	གིས་	PART
གཞན་མ་	གཞན་མ་	PRON
མཆིས་	མཆིས་	VERB
། །		PUNCT
དོན་	དོན་	NOUN
གྱི་	གི་	PART
སྙིང་གཏམ་	སྙིང་གཏམ་	NOUN
མཐར་ཐུག་	མཐར་ཐུག་	NOUN
འདི་	འདི་	DET
ཀ་	ཀ་	DET
རང་	རང་	PRON
། །		PUNCT
ཤི་བ་	ཤི་བ་	VERB
འི་	གི་	PART
ཁ་ཆེམས་	ཁ་ཆེམས་	NOUN
ཟེ་	ཟེ་	VERB
ཡང་	ཀྱང་	PART
འདི་	འདི་	DET
ལ་	ལ་	ADP
ས་	གིས་	PART
མེད་	མེད་	VERB
། །		PUNCT
བདག་	བདག་	PRON
ལ་མོ་	ལ་མོ་	OTHER
ས་	གིས་	PART
གུ་	གུ་	VERB
བྱེད་པ་	བྱེད་པ་	VERB
འི་	གི་	PART
སྐལ་ལྡན་	སྐལ་ལྡན་	ADJ
ཀུན་	ཀུན་	DET
། །		PUNCT
འདི་	འདི་	DET
ལ་ཁ་	ལ་ཁ་	NOUN
ཁྱེ་	ཁྱེ་	VERB
མ་	མ་	PART
བྱེད་	བྱེད་	VERB
དོན་	དོན་	NOUN
ལ་	ལ་	PART
ཕོབ་	ཕོབ་	VERB
། །		PUNCT
ཉམས་མྱོང་	ཉམས་མྱོང་	NOUN
ཡེ་ཤེས་	ཡེ་ཤེས་	NOUN
སྙིང་	སྙིང་	NOUN
གི་	གི་	PART
ནང་	ནང་	NOUN
ན་	ནས་	PART
འཆར་	འཆར་	NO_POS
། །		PUNCT
སངས་རྒྱས་	སངས་རྒྱས་	NOUN
ས་	ས་	ADP
ལ་	ལ་	PART
སྐད་ཅིག་	སྐད་ཅིག་	OTHER
བསྒྲོད་པ་	བསྒྲོད་པ་	VERB
ར་	ལ་	PART
འགྱུར་	འགྱུར་	VERB
། །		PUNCT
དེ་ལྟ་	དེ་ལྟ་	NO_POS
གདམས་པ་	གདམས་པ་	VERB
འི་	གི་	PART
དགེ་བ་	དགེ་བ་	VERB
གང་དེ་	གང་དེ་	NO_POS
ཡི་	གིས་	PART
། །		PUNCT
མ་རྒན་	མ་རྒན་	NOUN
མཁའ་ཁྱབ་	མཁའ་ཁྱབ་	NOUN
འགྲོ་བ་	འགྲོ་བ་	VERB
སྒྲོལ་བ་	སྒྲོལ་བ་	VERB
ར་	ལ་	PART
ཤོག་	ཤོག་	VERB
"། །།
༈"		PUNCT
བདག་	བདག་	PRON
གི་	གི་	PART
དུས་གསུམ་	དུས་གསུམ་	OTHER
དགེ་བ་	དགེ་བ་	VERB
འདི་དག་	འདི་དག་	NO_POS
གིས་	གིས་	PART
། །		PUNCT
སྡིག་	སྡིག་	NOUN
དང་	དང་	NO_POS
སྒྲིབ་པ་	སྒྲིབ་པ་	VERB
མ་	མ་	PART
ལུས་	ལུས་	NOUN
ཟད་	ཟད་	VERB
བྱ་	བྱ་	VERB
ཏེ་	སྟེ་	PART
། །		PUNCT
རྟག་པ་	རྟག་པ་	VERB
ར་	ལ་	PART
དགེ་བ་	དགེ་བ་	VERB
འི་	གི་	PART
ཤེ་	ཤེ་	VERB
ཀྱིས་	གིས་	PART
རྗེས་	རྗེས་	NOUN
གཟུང་	གཟུང་	VERB
ན་	ནས་	PART
། །		PUNCT
ཚུལ་	ཚུལ་	NOUN
གནས་	གནས་	NOUN
ཐོས་བསམ་	ཐོས་བསམ་	NOUN
སྒོམ་པ་	སྒོམ་པ་	VERB
མཐ་	མཐའ་	NOUN
ར་	ལ་	PART
ཕྱིན་	ཕྱིན་	VERB
ཤོག་	ཤོག་	VERB
།		PUNCT
སྨིན་	སྨིན་	VERB
བྱེད་	བྱེད་	VERB
དབང་	དབང་	NOUN
ཐོབ་རིམ་	ཐོབ་རིམ་	NO_POS
གཉིས་	གཉིས་	NUM
ཟུང་འཇུག་	ཟུང་འཇུག་	NOUN
གིས་	གིས་	PART
། །		PUNCT
རྩ་	རྩ་	NUM
རླུང་	རླུང་	NOUN
ཐིག་ལེ་	ཐིག་ལེ་	NOUN
སྦྱངས་	སྦྱངས་	VERB
ན་	ནས་	PART
དྭངས་མ་	དྭངས་མ་	ADJ
འི་	གི་	PART
ལུས་	ལུས་	NOUN
། །		PUNCT
ངེས་པ་		
སྐྱེ་བ་	སྐྱེ་བ་	VERB
གཅིག་	གཅིག་	NUM
གིས་	གིས་	PART
འགྲུབ་	འགྲུབ་	VERB
གྱུར་	གྱུར་	VERB
ཏེ་	སྟེ་	PART
། །		PUNCT
རྡོ་རྗེ་	རྡོ་རྗེ་	NOUN
འཆང་	འཆང་	NO_POS
དབང་	དབང་	NOUN
ས་	ས་	ADP
ལ་	ལ་	PART
གནས་པ་	གནས་པ་	VERB
ར་	ལ་	PART
ཤོག་	ཤོག་	VERB
།		PUNCT
འདི་	འདི་	DET
ན་	ནས་	PART
བཟུང་	བཟུང་	NO_POS
སྟེ་	སྟེ་	PART
སྐྱེ་	སྐྱེ་	NOUN
དང་	དང་	NO_POS
སྐྱེ་བ་	སྐྱེ་བ་	VERB
རུ་	ལ་	PART
། །		PUNCT
མཐའ་	མཐའ་	NOUN
ཡ་		
འགྲོ་བ་	འགྲོ་བ་	VERB
ཀུན་	ཀུན་	DET
གྱི་	གི་	PART
མགོན་	མགོན་	NOUN
དང་	དང་	NO_POS
སྐྱབས་	སྐྱབས་	NOUN
། །		PUNCT
ལམ་	གམ་	PART
སྟོན་	སྟོན་	VERB
དགེ་བ་	དགེ་བ་	VERB
འི་	གི་	PART
ཤེ་	ཤེ་	VERB
སུ་	ལ་	PART
བདག་	བདག་	PRON
གྱུར་	གྱུར་	VERB
ན་	ནས་	PART
། །		PUNCT
མ་	མ་	PART
ལུས་	ལུས་	NOUN
རྣམ་གྲོལ་	རྣམ་གྲོལ་	NOUN
མཆོག་	མཆོག་	ADJ
ལ་	ལ་	PART
འགོད་པ་	འགོད་པ་	VERB
ར་	ལ་	PART
ཤོག་	ཤོག་	VERB
།		PUNCT
ཅེས་པ་	ཅེས་པ་	PART
འདི་	འདི་	DET
འང་	ཀྱང་	PART
ཀུན་མཁྱེན་	ཀུན་མཁྱེན་	OTHER
པདྨ་	པདྨ་	NOUN
དཀར་པོ་	དཀར་པོ་	ADJ
འི་	གི་	PART
བཀའ་འབུམ་	བཀའ་འབུམ་	NOUN
ལ་	ལ་	ADP
ས་	གིས་	PART
སོ་	གོ་	PART
། ། ༈		PUNCT
གོང་མ་	གོང་མ་	ADJ
འི་	གི་	PART
གདན་ས་	གདན་ས་	NOUN
དབེན་པ་	དབེན་པ་	VERB
འི་	གི་	PART
གནས་	གནས་	NOUN
། །		PUNCT
རྟག་	རྟག་	VERB
ཏུ་	ལ་	PART
རི་ཁྲོད་	རི་ཁྲོད་	NOUN
འགྲིམ་	འགྲིམ་	NO_POS
བྱེད་	བྱེད་	VERB
ཅིང་	ཅིང་	PART
། །		PUNCT
རྟོགས་པ་	རྟོགས་པ་	VERB
སྐྱོང་	སྐྱོང་	VERB
ཞིང་	ཅིང་	PART
སྨོན་ལམ་	སྨོན་ལམ་	NOUN
འདེབས་	འདེབས་	VERB
། །		PUNCT
བརྒྱུད་པ་	བརྒྱུད་པ་	VERB
འི་	གི་	PART
སྲོལ་ཁ་	སྲོལ་ཁ་	NO_POS
འཛིན་པ་	འཛིན་པ་	VERB
ར་	ལ་	PART
ཤོག་	ཤོག་	VERB
།		PUNCT
ཆོས་རྗེ་	ཆོས་རྗེ་	NOUN
གཙང་པ་	གཙང་པ་	PROPN
རྒྱ་ར་	རྒྱ་ར་	NO_POS
ས་	གིས་	PART
ཀྱི་	གི་	PART
གསུང་	གསུང་	VERB
ངོ་	གོ་	PART
"།།
༈"		PUNCT
བདག་	བདག་	PRON
གིས་	གིས་	PART
བྱ་	བྱ་	VERB
དང་	དང་	NO_POS
བྱེད་	བྱེད་	VERB
འགྱུར་	འགྱུར་	VERB
དགེ་བ་	དགེ་བ་	VERB
རྣམས་	རྣམས་	DET
། །		PUNCT
འཕེལ་	འཕེལ་	VERB
ཞིང་	ཅིང་	PART
རྒྱས་པ་	རྒྱས་པ་	VERB
ས་	གིས་	PART
ནམ་མཁ་	ནམ་མཁའ་	NOUN
འི་	གི་	PART
ཁམས་	ཁམས་	NOUN
ཁྱབ་	ཁྱབ་	VERB
སྟེ་	སྟེ་	PART
། །		PUNCT
འགྲོ་	འགྲོ་	VERB
དྲུག་	དྲུག་	NUM
སེམས་ཅན་	སེམས་ཅན་	NOUN
ཀུན་	ཀུན་	DET
ལ་	ལ་	PART
དེ་	སྟེ་	PART
སྨིན་	སྨིན་	VERB
ན་	ནས་	PART
། །		PUNCT
ཀུན་	ཀུན་	DET
ཀྱང་	ཀྱང་	PART
ཐེག་ཆེན་	ཐེག་ཆེན་	NOUN
འཕགས་པ་	འཕགས་པ་	VERB
འི་	གི་	PART
ས་	ས་	ADP
ཐོབ་	ཐོབ་	VERB
ཤོག་	ཤོག་	VERB
།		PUNCT
རྗེ་	རྗེ་	NO_POS
ལྷ་རྩེ་བ་	ལྷ་རྩེ་བ་	PROPN
འི་	གི་	PART
གསུང་	གསུང་	VERB
ངོ་	གོ་	PART
།།		PUNCT
དགེ་	དགེ་	NOUN
འོ་	གོ་	PART
།།		PUNCT
